<?xml version="1.0" encoding="UTF-8" standalone="yes"?>
<addon id="repository.andtvban" name="[B][COLOR azure]Repo [COLOR cyan]and[COLOR white]tv[COLOR deepskyblue]ban[/COLOR][/B]" version="2.2.24" provider-name="andtvban, JoseaTeb">
    <extension point="xbmc.addon.repository" name="[B][COLOR azure]Repo [COLOR cyan]and[COLOR white]tv[COLOR deepskyblue]ban[/COLOR][/B]">
		<dir minversion="19.9.9" maxversion="20.9.9">
            <info compressed="false">https://raw.githubusercontent.com/andtvban/repositorio.andtvban/master/nexus/zips/addons.xml</info>
            <checksum>https://raw.githubusercontent.com/andtvban/repositorio.andtvban/master/nexus/zips/addons.xml.md5</checksum>
            <datadir zip="true">https://raw.githubusercontent.com/andtvban/repositorio.andtvban/master/nexus/zips/</datadir>
        </dir> 
        <dir minversion="20.9.9" maxversion="21.9.9"> 
            <info compressed="false">https://raw.githubusercontent.com/tvbandroid/repositorio.tvbandroid/master/omega/zips/addons.xml</info>
            <checksum>https://raw.githubusercontent.com/tvbandroid/repositorio.tvbandroid/master/omega/zips/addons.xml.md5</checksum>
            <datadir zip="true">https://raw.githubusercontent.com/tvbandroid/repositorio.tvbandroid/master/omega/zips/</datadir>
        </dir>	
		<dir minversion="21.9.9" maxversion="22.9.9"> 
            <info compressed="false">https://raw.githubusercontent.com/tvbandroid/repositorio.tvbandroid/refs/heads/master/piers/addons.xml</info>
            <checksum>https://raw.githubusercontent.com/tvbandroid/repositorio.tvbandroid/refs/heads/master/piers/addons.xml.md5</checksum>
            <datadir zip="true">https://raw.githubusercontent.com/tvbandroid/repositorio.tvbandroid/refs/heads/master/piers/</datadir>
        </dir>
		    </extension>
			
    <extension point="xbmc.addon.metadata">
        <summary>[COLOR azure]Repo [COLOR cyan]and[COLOR white]tv[COLOR deepskyblue]ban[/COLOR]</summary>
        <description>Repositorio de Add-ons para [COLOR azure]TVBAN [COLOR cyan]MATNEXOM[/COLOR].
[B][COLOR lime]CREDITOS:
[COLOR white]• Developers:[/COLOR][/B] [COLOR gold]JoseaTeb[/COLOR]</description> 		             
        <disclaimer>[COLOR tan]Éste repositorio sólo recoge [COLOR azure]Add-ons Externos [COLOR tan]para [COLOR steelblue]KODI[/COLOR]</disclaimer>
        <platform>all</platform>
        <assets>
            <icon>icon.png</icon>
            <fanart>fanart.jpg</fanart>
        </assets>
		<source>https://andtv.github.io/tvban</source>
    </extension>
</addon>
