<?xml version="1.0" encoding="UTF-8"?>
<window>
    <coordinates>
        <left>635</left>
        <top>160</top>
    </coordinates>
    <controls>
        <control type="group">
            <control type="image">
                <description>Background Image</description>
                <posx>0</posx>
                <posy>0</posy>
                <width>650</width>
                <height>815</height><!-- 765 -->
                <texture border="2">Background/loguploader-dialog-bg.png</texture>
            </control>
            <control type="image">
                <description>Dialog Header image</description>
                <posx>0</posx>
                <posy>0</posy>
                <width>650</width>
                <height>50</height>
                <texture colordiffuse="FF12B2E7" border="2">Background/loguploader-white.png</texture>
            </control>
            <control type="label" id="101">
                <description>header label</description>
                <posx>0</posx>
                <posy>0</posy>
                <width>650</width>
                <height>50</height>
                <font>font13</font>
                <label></label>
                <align>center</align>
                <aligny>center</aligny>
                <shadowcolor>FF000000</shadowcolor>
            </control>
            <control type="textbox" id="102">
                <left>20</left>
                <top>60</top>
                <width>610</width>
                <height>105</height><!-- 80 -->
                <font>font12</font>
                <align>left</align>
                <aligny>top</aligny>
                <!--<label>[B]Primera Ejecución del Asistente, ¿te gustaría habilitar alguna de las siguientes opciones?[/B]</label> -->
				<label>[B][COLOR white]Esta es tu primera Ejecución de[/COLOR] [COLOR azure]TVBAN[/COLOR] [COLOR tan]WIZARD[COLOR white]. ¡Te recomendamos continuar con las opciones predeterminadas![/COLOR][/B]</label>
            </control>
        </control>
	    <!-- Scrollbar  -->
	    <control type="scrollbar" id="17">
	      <left>630</left>
	      <top>139</top>
	      <width>15</width>
	      <height>580</height><!-- 580 -->
	      <visible>true</visible>
	      <texturesliderbarfocus colordiffuse="99ffffff" border="4">scrollbar.png</texturesliderbarfocus>
	      <pulseonselect>True</pulseonselect>
	      <orientation>vertical</orientation>
	      <showonepage>False</showonepage>
	      <onleft>9000</onleft>
	    </control>
        <control type="grouplist" id="9000">
            <left>20</left>
            <top>180</top><!-- 140 -->
            <width>610</width>
            <height>610</height><!-- 580 -->
            <itemgap>-3</itemgap>
            <align>down</align><!-- top -->
            <pagecontrol>17</pagecontrol>
            <orientation>vertical</orientation>
            <onup>201</onup>
            <ondown>201</ondown>
            <onleft>201</onleft>
            <onright>17</onright>
            <control type="radiobutton" id="301">
                <width>610</width>
                <height>40</height>
                <textwidth>565</textwidth>
                <textoffsetx>10</textoffsetx>
                <radioheight>45</radioheight>
                <radioposx>530</radioposx>
                <label>[COLOR gold]Mantener Mi Trakt[/COLOR]</label>
                <font>font12</font>
                <texturefocus colordiffuse="FF12B2E7">RadioButton/MenuItemFO.png</texturefocus><!-- 12B2E7 -->
                <texturenofocus>RadioButton/MenuItemNF.png</texturenofocus>
                <textureradioonfocus colordiffuse="FF32cd32">RadioButton/radiobutton-focus.png</textureradioonfocus><!-- 12B2E7 -->
                <textureradioonnofocus colordiffuse="FF32cd32">RadioButton/radiobutton-focus.png</textureradioonnofocus><!-- 12B2E7 -->
                <textureradioofffocus colordiffuse="FF32cd32">RadioButton/radiobutton-focus.png</textureradioofffocus><!-- 12B2E7 -->
                <textureradiooffnofocus>RadioButton/radiobutton-nofocus.png</textureradiooffnofocus>
            </control>
            <control type="radiobutton" id="302">
                <width>610</width>
                <height>40</height>
                <textwidth>565</textwidth>
                <textoffsetx>10</textoffsetx>
                <radioheight>45</radioheight>
                <radioposx>530</radioposx>
                <label>[COLOR gold]Mantener Mi Real Debrid[/COLOR]</label>
                <font>font12</font>
                <texturefocus colordiffuse="FF12B2E7">RadioButton/MenuItemFO.png</texturefocus><!-- 12B2E7 -->
                <texturenofocus>RadioButton/MenuItemNF.png</texturenofocus>
                <textureradioonfocus colordiffuse="FF32cd32">RadioButton/radiobutton-focus.png</textureradioonfocus><!-- 12B2E7 -->
                <textureradioonnofocus colordiffuse="FF32cd32">RadioButton/radiobutton-focus.png</textureradioonnofocus><!-- 12B2E7 -->
                <textureradioofffocus colordiffuse="FF32cd32">RadioButton/radiobutton-focus.png</textureradioofffocus><!-- 12B2E7 -->
                <textureradiooffnofocus>RadioButton/radiobutton-nofocus.png</textureradiooffnofocus>
            </control>
            <control type="radiobutton" id="303">
                <width>610</width>
                <height>40</height>
                <textwidth>565</textwidth>
                <textoffsetx>10</textoffsetx>
                <radioheight>45</radioheight>
                <radioposx>530</radioposx>
                <label>[COLOR gold]Mantener Mis Datos de Inicio de Sesión[/COLOR]</label>
                <font>font12</font>
                <texturefocus colordiffuse="FF12B2E7">RadioButton/MenuItemFO.png</texturefocus><!-- 12B2E7 -->
                <texturenofocus>RadioButton/MenuItemNF.png</texturenofocus>
                <textureradioonfocus colordiffuse="FF32cd32">RadioButton/radiobutton-focus.png</textureradioonfocus><!-- 12B2E7 -->
                <textureradioonnofocus colordiffuse="FF32cd32">RadioButton/radiobutton-focus.png</textureradioonnofocus><!-- 12B2E7 -->
                <textureradioofffocus colordiffuse="FF32cd32">RadioButton/radiobutton-focus.png</textureradioofffocus><!-- 12B2E7 -->
                <textureradiooffnofocus>RadioButton/radiobutton-nofocus.png</textureradiooffnofocus>
            </control>
            <control type="radiobutton" id="304">
                <width>610</width>
                <height>40</height>
                <textwidth>565</textwidth>
                <textoffsetx>10</textoffsetx>
                <radioheight>45</radioheight>
                <radioposx>530</radioposx>
                <label>[COLOR darkgreen]Mantener Mis Fuentes.xml[/COLOR]</label>
                <font>font12</font>
                <texturefocus colordiffuse="FF12B2E7">RadioButton/MenuItemFO.png</texturefocus><!-- 12B2E7 -->
                <texturenofocus>RadioButton/MenuItemNF.png</texturenofocus>
                <textureradioonfocus colordiffuse="FF32cd32">RadioButton/radiobutton-focus.png</textureradioonfocus><!-- 12B2E7 -->
                <textureradioonnofocus colordiffuse="FF32cd32">RadioButton/radiobutton-focus.png</textureradioonnofocus><!-- 12B2E7 -->
                <textureradioofffocus colordiffuse="FF32cd32">RadioButton/radiobutton-focus.png</textureradioofffocus><!-- 12B2E7 -->
                <textureradiooffnofocus>RadioButton/radiobutton-nofocus.png</textureradiooffnofocus>
            </control>
            <control type="radiobutton" id="305">
                <width>610</width>
                <height>40</height>
                <textwidth>565</textwidth>
                <textoffsetx>10</textoffsetx>
                <radioheight>45</radioheight>
                <radioposx>530</radioposx>
                <label>[COLOR darkgreen]Mantener Mis Perfiles.xml[/COLOR]</label>
                <font>font12</font>
                <texturefocus colordiffuse="FF12B2E7">RadioButton/MenuItemFO.png</texturefocus><!-- 12B2E7 -->
                <texturenofocus>RadioButton/MenuItemNF.png</texturenofocus>
                <textureradioonfocus colordiffuse="FF32cd32">RadioButton/radiobutton-focus.png</textureradioonfocus><!-- 12B2E7 -->
                <textureradioonnofocus colordiffuse="FF32cd32">RadioButton/radiobutton-focus.png</textureradioonnofocus><!-- 12B2E7 -->
                <textureradioofffocus colordiffuse="FF32cd32">RadioButton/radiobutton-focus.png</textureradioofffocus><!-- 12B2E7 -->
                <textureradiooffnofocus>RadioButton/radiobutton-nofocus.png</textureradiooffnofocus>
            </control>
            <control type="radiobutton" id="314">
                <width>610</width>
                <height>40</height>
                <textwidth>565</textwidth>
                <textoffsetx>10</textoffsetx>
                <radioheight>45</radioheight>
                <radioposx>530</radioposx>
                <label>[COLOR darkgreen]Mantener Mi playercorefactory.xml[/COLOR]</label>
                <font>font12</font>
                <texturefocus colordiffuse="FF12B2E7">RadioButton/MenuItemFO.png</texturefocus><!-- 12B2E7 -->
                <texturenofocus>RadioButton/MenuItemNF.png</texturenofocus>
                <textureradioonfocus colordiffuse="FF32cd32">RadioButton/radiobutton-focus.png</textureradioonfocus><!-- 12B2E7 -->
                <textureradioonnofocus colordiffuse="FF32cd32">RadioButton/radiobutton-focus.png</textureradioonnofocus><!-- 12B2E7 -->
                <textureradioofffocus colordiffuse="FF32cd32">RadioButton/radiobutton-focus.png</textureradioofffocus><!-- 12B2E7 -->
                <textureradiooffnofocus>RadioButton/radiobutton-nofocus.png</textureradiooffnofocus>
            </control>
            <control type="radiobutton" id="315">
                <width>610</width>
                <height>40</height>
                <textwidth>565</textwidth>
                <textoffsetx>10</textoffsetx>
                <radioheight>45</radioheight>
                <radioposx>530</radioposx>
                <label>[COLOR darkgreen]Mantener Mi guisettings.xml[/COLOR]</label>
                <font>font12</font>
                <texturefocus colordiffuse="FF12B2E7">RadioButton/MenuItemFO.png</texturefocus><!-- 12B2E7 -->
                <texturenofocus>RadioButton/MenuItemNF.png</texturenofocus>
                <textureradioonfocus colordiffuse="FF32cd32">RadioButton/radiobutton-focus.png</textureradioonfocus><!-- 12B2E7 -->
                <textureradioonnofocus colordiffuse="FF32cd32">RadioButton/radiobutton-focus.png</textureradioonnofocus><!-- 12B2E7 -->
                <textureradioofffocus colordiffuse="FF32cd32">RadioButton/radiobutton-focus.png</textureradioofffocus><!-- 12B2E7 -->
                <textureradiooffnofocus>RadioButton/radiobutton-nofocus.png</textureradiooffnofocus>
            </control>
            <control type="radiobutton" id="306">
                <width>610</width>
                <height>40</height>
                <textwidth>565</textwidth>
                <textoffsetx>10</textoffsetx>
                <radioheight>45</radioheight>
                <radioposx>530</radioposx>
                <label>[COLOR darkgreen]Mantener Mi AdvancedSettings.xml[/COLOR]</label>
                <font>font12</font>
                <texturefocus colordiffuse="FF12B2E7">RadioButton/MenuItemFO.png</texturefocus><!-- 12B2E7 -->
                <texturenofocus>RadioButton/MenuItemNF.png</texturenofocus>
                <textureradioonfocus colordiffuse="FF32cd32">RadioButton/radiobutton-focus.png</textureradioonfocus><!-- 12B2E7 -->
                <textureradioonnofocus colordiffuse="FF32cd32">RadioButton/radiobutton-focus.png</textureradioonnofocus><!-- 12B2E7 -->
                <textureradioofffocus colordiffuse="FF32cd32">RadioButton/radiobutton-focus.png</textureradioofffocus><!-- 12B2E7 -->
                <textureradiooffnofocus>RadioButton/radiobutton-nofocus.png</textureradiooffnofocus>
            </control>
            <control type="radiobutton" id="307">
                <width>610</width>
                <height>40</height>
                <textwidth>565</textwidth>
                <textoffsetx>10</textoffsetx>
                <radioheight>45</radioheight>
                <radioposx>530</radioposx>
                <label>[COLOR darkgreen]Mantener Mis Favoritos.xml[/COLOR]</label>
                <font>font12</font>
                <texturefocus colordiffuse="FF12B2E7">RadioButton/MenuItemFO.png</texturefocus><!-- 12B2E7 -->
                <texturenofocus>RadioButton/MenuItemNF.png</texturenofocus>
                <textureradioonfocus colordiffuse="FF32cd32">RadioButton/radiobutton-focus.png</textureradioonfocus><!-- 12B2E7 -->
                <textureradioonnofocus colordiffuse="FF32cd32">RadioButton/radiobutton-focus.png</textureradioonnofocus><!-- 12B2E7 -->
                <textureradioofffocus colordiffuse="FF32cd32">RadioButton/radiobutton-focus.png</textureradioofffocus><!-- 12B2E7 -->
                <textureradiooffnofocus>RadioButton/radiobutton-nofocus.png</textureradiooffnofocus>
            </control>
            <control type="radiobutton" id="308">
                <width>610</width>
                <height>40</height>
                <textwidth>565</textwidth>
                <textoffsetx>10</textoffsetx>
                <radioheight>45</radioheight>
                <radioposx>530</radioposx>
                <label>[COLOR gold]Mantener Mis Super Favoritos[/COLOR]</label>
                <font>font12</font>
                <texturefocus colordiffuse="FF12B2E7">RadioButton/MenuItemFO.png</texturefocus><!-- 12B2E7 -->
                <texturenofocus>RadioButton/MenuItemNF.png</texturenofocus>
                <textureradioonfocus colordiffuse="FF32cd32">RadioButton/radiobutton-focus.png</textureradioonfocus><!-- 12B2E7 -->
                <textureradioonnofocus colordiffuse="FF32cd32">RadioButton/radiobutton-focus.png</textureradioonnofocus><!-- 12B2E7 -->
                <textureradioofffocus colordiffuse="FF32cd32">RadioButton/radiobutton-focus.png</textureradioofffocus><!-- 12B2E7 -->
                <textureradiooffnofocus>RadioButton/radiobutton-nofocus.png</textureradiooffnofocus>
            </control>
            <control type="radiobutton" id="309">
                <width>610</width>
                <height>40</height>
                <textwidth>565</textwidth>
                <textoffsetx>10</textoffsetx>
                <radioheight>45</radioheight>
                <radioposx>530</radioposx>
                <label>[COLOR darkgreen]Mantener Mis Repositorios[/COLOR]</label>
                <font>font12</font>
                <texturefocus colordiffuse="FF12B2E7">RadioButton/MenuItemFO.png</texturefocus><!-- 12B2E7 -->
                <texturenofocus>RadioButton/MenuItemNF.png</texturenofocus>
                <textureradioonfocus colordiffuse="FF32cd32">RadioButton/radiobutton-focus.png</textureradioonfocus><!-- 12B2E7 -->
                <textureradioonnofocus colordiffuse="FF32cd32">RadioButton/radiobutton-focus.png</textureradioonnofocus><!-- 12B2E7 -->
                <textureradioofffocus colordiffuse="FF32cd32">RadioButton/radiobutton-focus.png</textureradioofffocus><!-- 12B2E7 -->
                <textureradiooffnofocus>RadioButton/radiobutton-nofocus.png</textureradiooffnofocus>
            </control>
            <control type="radiobutton" id="310">
                <width>610</width>
                <height>40</height>
                <textwidth>565</textwidth>
                <textoffsetx>10</textoffsetx>
                <radioheight>45</radioheight>
                <radioposx>530</radioposx>
                <label>[COLOR darkgreen]Mantener Mi Lista Blanca[/COLOR]</label>
                <font>font12</font>
                <texturefocus colordiffuse="FF12B2E7">RadioButton/MenuItemFO.png</texturefocus><!-- 12B2E7 -->
                <texturenofocus>RadioButton/MenuItemNF.png</texturenofocus>
                <textureradioonfocus colordiffuse="FF32cd32">RadioButton/radiobutton-focus.png</textureradioonfocus><!-- 12B2E7 -->
                <textureradioonnofocus colordiffuse="FF32cd32">RadioButton/radiobutton-focus.png</textureradioonnofocus><!-- 12B2E7 -->
                <textureradioofffocus colordiffuse="FF32cd32">RadioButton/radiobutton-focus.png</textureradioofffocus><!-- 12B2E7 -->
                <textureradiooffnofocus>RadioButton/radiobutton-nofocus.png</textureradiooffnofocus>
            </control>
            <control type="radiobutton" id="311">
                <width>610</width>
                <height>40</height>
                <textwidth>565</textwidth>
                <textoffsetx>10</textoffsetx>
                <radioheight>45</radioheight>
                <radioposx>530</radioposx>
                <label>[COLOR red]Borrar Caché al Iniciar[/COLOR]</label>
                <font>font12</font>
                <texturefocus colordiffuse="FF12B2E7">RadioButton/MenuItemFO.png</texturefocus><!-- 12B2E7 -->
                <texturenofocus>RadioButton/MenuItemNF.png</texturenofocus>
                <textureradioonfocus colordiffuse="FF32cd32">RadioButton/radiobutton-focus.png</textureradioonfocus><!-- 12B2E7 -->
                <textureradioonnofocus colordiffuse="FF32cd32">RadioButton/radiobutton-focus.png</textureradioonnofocus><!-- 12B2E7 -->
                <textureradioofffocus colordiffuse="FF32cd32">RadioButton/radiobutton-focus.png</textureradioofffocus><!-- 12B2E7 -->
                <textureradiooffnofocus>RadioButton/radiobutton-nofocus.png</textureradiooffnofocus>
            </control>
            <control type="radiobutton" id="312">
                <width>610</width>
                <height>40</height>
                <textwidth>565</textwidth>
                <textoffsetx>10</textoffsetx>
                <radioheight>45</radioheight>
                <radioposx>530</radioposx>
                <label>[COLOR red]Borrar Paquetes al Iniciar[/COLOR]</label>
                <font>font12</font>
                <texturefocus colordiffuse="FF12B2E7">RadioButton/MenuItemFO.png</texturefocus><!-- 12B2E7 -->
                <texturenofocus>RadioButton/MenuItemNF.png</texturenofocus>
                <textureradioonfocus colordiffuse="FF32cd32">RadioButton/radiobutton-focus.png</textureradioonfocus><!-- 12B2E7 -->
                <textureradioonnofocus colordiffuse="FF32cd32">RadioButton/radiobutton-focus.png</textureradioonnofocus><!-- 12B2E7 -->
                <textureradioofffocus colordiffuse="FF32cd32">RadioButton/radiobutton-focus.png</textureradioofffocus><!-- 12B2E7 -->
                <textureradiooffnofocus>RadioButton/radiobutton-nofocus.png</textureradiooffnofocus>
            </control>
            <control type="radiobutton" id="313">
                <width>610</width>
                <height>40</height>
                <textwidth>565</textwidth>
                <textoffsetx>10</textoffsetx>
                <radioheight>45</radioheight>
                <radioposx>530</radioposx>
                <label>[COLOR red]Borrar Miniaturas Antiguas al Iniciar[/COLOR]</label>
                <font>font12</font>
                <texturefocus colordiffuse="FF12B2E7">RadioButton/MenuItemFO.png</texturefocus><!-- 12B2E7 -->
                <texturenofocus>RadioButton/MenuItemNF.png</texturenofocus>
                <textureradioonfocus colordiffuse="FF32cd32">RadioButton/radiobutton-focus.png</textureradioonfocus><!-- 12B2E7 -->
                <textureradioonnofocus colordiffuse="FF32cd32">RadioButton/radiobutton-focus.png</textureradioonnofocus><!-- 12B2E7 -->
                <textureradioofffocus colordiffuse="FF32cd32">RadioButton/radiobutton-focus.png</textureradioofffocus><!-- 12B2E7 -->
                <textureradiooffnofocus>RadioButton/radiobutton-nofocus.png</textureradiooffnofocus>
            </control>
        </control>
        <control type="group" id="9001">
            <control type="button" id="201">
                <left>350</left>
                <top>730</top><!-- 690 -->
                <width>300</width>
                <height>90</height>
                <font>font13</font>
                <textcolor>FFF0F0F0</textcolor>
                <label>Continuar</label>
                <align>center</align>
                <aligny>center</aligny>
                <onup>9000</onup>
                <ondown>9000</ondown>
                <texturefocus border="40" colordiffuse="FF12B2E7">Button/loguploader-dialogbutton-fo.png</texturefocus>
                <texturenofocus border="40">Button/loguploader-dialogbutton-nofo.png</texturenofocus>
            </control>
        </control>
    </controls>
</window>
