<?xml version="1.0" encoding="UTF-8" standalone="yes"?>
<addon id="repository.andtvban" name="[B][COLOR azure]Repo [COLOR cyan]and[COLOR white]TV[COLOR deepskyblue]ban[/COLOR][/B]" version="4.3.25" provider-name="JoseaTeb_andTVban">
    <extension point="xbmc.addon.repository" name="[B][COLOR azure]Repo [COLOR cyan]and[COLOR white]TV[COLOR deepskyblue]ban[/COLOR][/B]">
        <dir minversion="20.9.9" maxversion="21.9.9"> 
            <info compressed="false">https://raw.githubusercontent.com/tvbandroid/repositorio.tvbandroid/master/omega/zips/addons.xml</info>
            <checksum>https://raw.githubusercontent.com/tvbandroid/repositorio.tvbandroid/master/omega/zips/addons.xml.md5</checksum>
            <datadir zip="true">https://raw.githubusercontent.com/tvbandroid/repositorio.tvbandroid/master/omega/zips/</datadir>
        </dir>	
		<dir minversion="21.9.9" maxversion="22.9.9"> 
            <info compressed="false">https://raw.githubusercontent.com/tvbandroid/repositorio.tvbandroid/master/piers/zips/addons.xml</info>
            <checksum>https://raw.githubusercontent.com/tvbandroid/repositorio.tvbandroid/master/piers/zips/addons.xml.md5</checksum>
            <datadir zip="true">https://raw.githubusercontent.com/tvbandroid/repositorio.tvbandroid/master/piers/zips/</datadir>
        </dir>
		    </extension>
			
    <extension point="xbmc.addon.metadata">
        <summary>[COLOR azure]Repo [COLOR cyan]and[COLOR white]TV[COLOR deepskyblue]ban[/COLOR]</summary>
        <description>[B]Repositorio de Add-ons [COLOR cyan]and[COLOR white]TV[COLOR deepskyblue]ban[/COLOR] para [COLOR azure]TVBAN [COLOR cyan]MATNEXOMPIE[/COLOR][/B].
[B][COLOR lime]CREDITOS:       [COLOR white]JoseaTeb
• [COLOR lime]Developers:   [COLOR white]JoseaTeb[/COLOR][/B]</description> 		             
        <disclaimer>[COLOR tan][B]Éste repositorio sólo recoge [COLOR azure]Add-ons Externos [COLOR tan]para [COLOR steelblue]KODI[/B][/COLOR]</disclaimer>
        <platform>all</platform>
        <assets>
            <icon>icon.png</icon>
            <fanart>fanart.jpg</fanart>
        </assets>
		<source>https://andtv.github.io/tvban</source>
    </extension>
</addon>
