<?xml version="1.0" encoding="UTF-8" standalone="yes"?>
<addon id="script.youtube.api.autousb" version="1.0.0" name="YouTube API AutoUSB" provider-name="TJoseATeba">
    <requires>
       <extension point="xbmc.python.script" library="default.py" />
       <extension point="xbmc.addon.metadata">
	</requires>
	
    <summary lang="es">Instala claves API de YouTube desde USB automáticamente</summary>
        <description lang="es">Busca api_keys.json en memorias USB, OTG o almacenamiento Local y configura el addon oficial de YouTube.</description>
		<disclaimer lang="es">[COLOR tan][B]Creado por [COLOR azure]JoseATeb [COLOR tan]y Protegido por los Derechos del Autor.[/B][/COLOR]</disclaimer>
        <platform>all</platform>
    <assets>
	    <icon>icon.png</icon>
        <fanart>fanart.jpg</fanart>
	</assets>
    </extension>
</addon>
